<?xml version="1.0" encoding="UTF-8"?>
<!DOCTYPE us-patent-application SYSTEM "us-patent-application-v44-2014-04-03.dtd" [ ]>
<us-patent-application lang="EN" dtd-version="v4.4 2014-04-03" file="US20170273225A1-20170921.XML" status="PRODUCTION" id="us-patent-application" country="US" date-produced="20170906" date-publ="20170921">
<us-bibliographic-data-application lang="EN" country="US">
<publication-reference>
<document-id>
<country>US</country>
<doc-number>20170273225</doc-number>
<kind>A1</kind>
<date>20170921</date>
</document-id>
</publication-reference>
<application-reference appl-type="utility">
<document-id>
<country>US</country>
<doc-number>15465481</doc-number>
<date>20170321</date>
</document-id>
</application-reference>
<us-application-series-code>15</us-application-series-code>
<classifications-ipcr>
<classification-ipcr>
<ipc-version-indicator><date>20060101</date></ipc-version-indicator>
<classification-level>A</classification-level>
<section>H</section>
<class>05</class>
<subclass>K</subclass>
<main-group>7</main-group>
<subgroup>20</subgroup>
<symbol-position>F</symbol-position>
<classification-value>I</classification-value>
<action-date><date>20170921</date></action-date>
<generating-office><country>US</country></generating-office>
<classification-status>B</classification-status>
<classification-data-source>H</classification-data-source>
</classification-ipcr>
<classification-ipcr>
<ipc-version-indicator><date>20060101</date></ipc-version-indicator>
<classification-level>A</classification-level>
<section>E</section>
<class>04</class>
<subclass>H</subclass>
<main-group>5</main-group>
<subgroup>00</subgroup>
<symbol-position>L</symbol-position>
<classification-value>I</classification-value>
<action-date><date>20170921</date></action-date>
<generating-office><country>US</country></generating-office>
<classification-status>B</classification-status>
<classification-data-source>H</classification-data-source>
</classification-ipcr>
<classification-ipcr>
<ipc-version-indicator><date>20060101</date></ipc-version-indicator>
<classification-level>A</classification-level>
<section>E</section>
<class>04</class>
<subclass>F</subclass>
<main-group>15</main-group>
<subgroup>024</subgroup>
<symbol-position>L</symbol-position>
<classification-value>I</classification-value>
<action-date><date>20170921</date></action-date>
<generating-office><country>US</country></generating-office>
<classification-status>B</classification-status>
<classification-data-source>H</classification-data-source>
</classification-ipcr>
</classifications-ipcr>
<classifications-cpc>
<main-cpc>
<classification-cpc>
<cpc-version-indicator><date>20130101</date></cpc-version-indicator>
<section>H</section>
<class>05</class>
<subclass>K</subclass>
<main-group>7</main-group>
<subgroup>20836</subgroup>
<symbol-position>F</symbol-position>
<classification-value>I</classification-value>
<action-date><date>20170921</date></action-date>
<generating-office><country>US</country></generating-office>
<classification-status>B</classification-status>
<classification-data-source>H</classification-data-source>
<scheme-origination-code>C</scheme-origination-code>
</classification-cpc>
</main-cpc>
<further-cpc>
<classification-cpc>
<cpc-version-indicator><date>20130101</date></cpc-version-indicator>
<section>E</section>
<class>04</class>
<subclass>F</subclass>
<main-group>15</main-group>
<subgroup>02405</subgroup>
<symbol-position>L</symbol-position>
<classification-value>I</classification-value>
<action-date><date>20170921</date></action-date>
<generating-office><country>US</country></generating-office>
<classification-status>B</classification-status>
<classification-data-source>H</classification-data-source>
<scheme-origination-code>C</scheme-origination-code>
</classification-cpc>
<classification-cpc>
<cpc-version-indicator><date>20130101</date></cpc-version-indicator>
<section>E</section>
<class>04</class>
<subclass>H</subclass>
<main-group>5</main-group>
<subgroup>00</subgroup>
<symbol-position>L</symbol-position>
<classification-value>I</classification-value>
<action-date><date>20170921</date></action-date>
<generating-office><country>US</country></generating-office>
<classification-status>B</classification-status>
<classification-data-source>H</classification-data-source>
<scheme-origination-code>C</scheme-origination-code>
</classification-cpc>
<classification-cpc>
<cpc-version-indicator><date>20130101</date></cpc-version-indicator>
<section>H</section>
<class>05</class>
<subclass>K</subclass>
<main-group>7</main-group>
<subgroup>20745</subgroup>
<symbol-position>L</symbol-position>
<classification-value>I</classification-value>
<action-date><date>20170921</date></action-date>
<generating-office><country>US</country></generating-office>
<classification-status>B</classification-status>
<classification-data-source>H</classification-data-source>
<scheme-origination-code>C</scheme-origination-code>
</classification-cpc>
<classification-cpc>
<cpc-version-indicator><date>20130101</date></cpc-version-indicator>
<section>H</section>
<class>05</class>
<subclass>K</subclass>
<main-group>7</main-group>
<subgroup>20145</subgroup>
<symbol-position>L</symbol-position>
<classification-value>I</classification-value>
<action-date><date>20170921</date></action-date>
<generating-office><country>US</country></generating-office>
<classification-status>B</classification-status>
<classification-data-source>H</classification-data-source>
<scheme-origination-code>C</scheme-origination-code>
</classification-cpc>
<classification-cpc>
<cpc-version-indicator><date>20130101</date></cpc-version-indicator>
<section>E</section>
<class>04</class>
<subclass>H</subclass>
<main-group>2005</main-group>
<subgroup>005</subgroup>
<symbol-position>L</symbol-position>
<classification-value>A</classification-value>
<action-date><date>20170921</date></action-date>
<generating-office><country>US</country></generating-office>
<classification-status>B</classification-status>
<classification-data-source>H</classification-data-source>
<scheme-origination-code>C</scheme-origination-code>
</classification-cpc>
</further-cpc>
</classifications-cpc>
<invention-title id="d2e43">AIR-GRATE FLOOR PANEL SUB-PLENUM RETROFIT ADD ON MULTI-DIRECTIONAL PLUME</invention-title>
<us-related-documents>
<us-provisional-application>
<document-id>
<country>US</country>
<doc-number>62310923</doc-number>
<date>20160321</date>
</document-id>
</us-provisional-application>
</us-related-documents>
<us-parties>
<us-applicants>
<us-applicant sequence="00" app-type="applicant" designation="us-only">
<addressbook>
<last-name>Meyer</last-name>
<first-name>Gary</first-name>
<address>
<city>Berthoud</city>
<state>CO</state>
<country>US</country>
</address>
</addressbook>
<residence>
<country>US</country>
</residence>
</us-applicant>
</us-applicants>
<inventors>
<inventor sequence="00" designation="us-only">
<addressbook>
<last-name>Meyer</last-name>
<first-name>Gary</first-name>
<address>
<city>Berthoud</city>
<state>CO</state>
<country>US</country>
</address>
</addressbook>
</inventor>
</inventors>
</us-parties>
</us-bibliographic-data-application>
<abstract id="abstract">
<p id="p-0001" num="0000">Disclosed is the redirection of air flow in a sub-plenum using a multi-directional plume that is attached to the bottom surface of an air-grate floor panel. The air-grate floor panel <b>102 </b>has openings which allow redirected air to flow in an upward direction to cool computer equipment, including servers. The multi-directional plume has a series of vanes that are disposed in various different directions to deflect a flow of air conditioning air through a sub-plenum in a vertical direction to flow through openings in the air-grate floor panel. Since the multi-directional plume is capable of redirecting air from various different directions in the sub-plenum, the air-grate floor panels do not have to be repositioned to capture air flow from any particular direction.</p>
</abstract>
<drawings id="DRAWINGS">
<figure id="Fig-EMI-D00000" num="00000">
<img id="EMI-D00000" he="142.66mm" wi="171.28mm" file="US20170273225A1-20170921-D00000.TIF" alt="embedded image" img-content="drawing" img-format="tif"/>
</figure>
<figure id="Fig-EMI-D00001" num="00001">
<img id="EMI-D00001" he="192.96mm" wi="179.58mm" file="US20170273225A1-20170921-D00001.TIF" alt="embedded image" img-content="drawing" img-format="tif"/>
</figure>
<figure id="Fig-EMI-D00002" num="00002">
<img id="EMI-D00002" he="229.45mm" wi="191.77mm" file="US20170273225A1-20170921-D00002.TIF" alt="embedded image" img-content="drawing" img-format="tif"/>
</figure>
<figure id="Fig-EMI-D00003" num="00003">
<img id="EMI-D00003" he="229.45mm" wi="198.46mm" file="US20170273225A1-20170921-D00003.TIF" alt="embedded image" img-content="drawing" img-format="tif"/>
</figure>
<figure id="Fig-EMI-D00004" num="00004">
<img id="EMI-D00004" he="161.88mm" wi="193.55mm" file="US20170273225A1-20170921-D00004.TIF" alt="embedded image" img-content="drawing" img-format="tif"/>
</figure>
<figure id="Fig-EMI-D00005" num="00005">
<img id="EMI-D00005" he="203.28mm" wi="191.18mm" file="US20170273225A1-20170921-D00005.TIF" alt="embedded image" img-content="drawing" img-format="tif"/>
</figure>
</drawings>
<description id="description">
<?summary-of-invention description="Summary of Invention" end="lead"?>
<heading id="h-0001" level="1">BACKGROUND</heading>
<p id="p-0002" num="0001">The term &#x201c;sub-plenum&#x201d; means that portion of the computer room below the air-grate floor panels when installed on a pedestal support system. The term &#x201c;upper plenum&#x201d; means that portion of the computer room above the air-grate floor panels, including the data processing server equipment and in-row air conditioners, or air handling units. Thus, the term &#x201c;computer room&#x201d; means the overall air handling environment including the upper and sub plenums from the subfloor to the ceiling. Finally, &#x201c;CRAC units&#x201d; means those computer room air conditioning units typically located at the perimeter of the data center floor surrounding the (server) racks, or in-rows, to circulate air in the data center space to create a cooling loop.</p>
<p id="p-0003" num="0002">Raised floor systems are used in data centers to create a sub-plenum space between the subfloor, of a building, and the normal operating environment of the computer room. The sub-plenum space is used for circulating cooling air to the computer servers. Perforations in the top plates, of air-grate floor panels, are configured to enhance the circulation of cooling air through the raised floor. Air-grate floor panels use an open-box load bearing frame. The open-box frame is designed with longitudinally spaced apart vertical girder plates, and transverse vertical reinforcing rib plates, in a crisscrossed assembly, for supporting the load.</p>
<p id="p-0004" num="0003">Manufacturers of raised floor panels have engaged in the redesign and development of the open box sub-frame to include girder plates which are configured with a lower vaned face, which acts to redirect a tangential cooling airflow, originating in the sub-plenum, upwardly, through the open air-grate perforations in the top plate with an object of enhancing cooling efficiency to the server cabinets. One such design, which has gained side acceptance in the industry, is the open box sub-frame disclosed in U.S. Pat. No. D567,398, entitled &#x201c;Floor Panel Superstructure,&#x201d; issued Apr. 22, 2008, to Meyer, which is specifically incorporated herein by reference for all that it discloses and teaches. There, it is ordinarily observed that the supporting girder plates, of the open box subframe, include lower inclined airfoils that are capable of capture and redirection of a tangential flow of cooling air. It can be appreciated that a fluid dynamic, inherent in use of this design, would result in an increase in the volume and directional velocity of the cooling air flowing from the sub-plenum and into the upper plenum, of a computer room, through the slotted perforations in the air-grate floor panel top plate. This increase in velocity enhances cooling efficiency, and further promotes the creation of an air separation barrier within the computer room.</p>
<p id="p-0005" num="0004">Another such example is the air grate floor panel sub-plenum retrofit airfoil disclosed in U.S. Pat. No. 9,217,252, to Meyer. There, it is ordinarily observed a retrofit airfoil for attachment to at least one of the girder members of an open-box load bearing frame supporting an air-grate raised access floor panel. The open box frame includes a plurality of longitudinally spaced apart vertical girder-plate members and a plurality of longitudinally spaced apart transverse vertical reinforcing rib-plate members. The airfoil includes a sheet. The sheet has an upper edge, a lower edge, and a horizontal bend formation positioned along a longitudinal axis established therebetween. The bend formation defines an upper vertical face, and a lower inclined face.</p>
<heading id="h-0002" level="1">SUMMARY OF THE INVENTION</heading>
<p id="p-0006" num="0005">An embodiment of the invention may therefore comprise, in a raised floor system, a method for redirection of an omni-directional tangential sub-plenum airflow, comprising: providing an air-grate raised floor panel having an upper surface, a lower surface and at least one open air flow duct portion extending therethrough; providing an anterior air-flow plume attachment, the attachment being a sheet configured with a plurality of downwardly projection tangential air-flow capturing vane members, the vane members defining corresponding open air-flow channel portions; attaching a top wall of the top plate of the anterior air-flow plume adjacent to the lower surface of the air-grate raised floor panel; installing the air-grate floor panel on a raised floor pedestal support system; supplying a sub-plenum of the raised floor pedestal support system with the tangential air-flow; and using the anterior air-flow plume attachment to redirect the tangential air-flow through the duct portion without repositioning the installed air-grate floor panel.</p>
<p id="p-0007" num="0006">An embodiment of the invention may further comprise an omni-directional airflow plenum for attachment to the anterior of a raised floor air-grate panel comprising: a sheet having a pattern established to form a plurality of predetermined cut out formations, the formations defining a plurality of air redirecting vanes and open air flow channels.</p>
<p id="p-0008" num="0007">An embodiment of the invention may further comprise a method of redirecting air in a sub-plenum of a raised floor system having air-grate floor panels comprising: providing a multi-directional plume that has a plurality of vanes that are directed in at least two different directions at an angle from a surface of the multi-directional plume, and openings in the surface of the multi-directional plume adjacent the vanes; attaching the multi-directional plume to a lower surface of the air-grate floor panels so that the plurality of vanes extend below the air-grate floor panels and the multi-directional plume in the sub-plenum of the raised floor system and are disposed in at least two different directions to redirect air that is flowing in the sub-plenum towards openings in the air-grate floor panels when the air-grate floor panels are installed in the raised floor system.</p>
<p id="p-0009" num="0008">An embodiment of the invention may further comprise a system for redirecting sub-plenum air of a sub-plenum in a raised floor system comprising: an air-grate floor panel having an open box load bearing frame and a top plate having openings that allow air to pass through the air-grate floor panel; a multi-directional plume having a plurality of vanes that are directed in at least two different directions that form an angle with a surface of the multi-directional plume so that the plurality of vanes extend outwardly from the surface; connectors disposed on the multi-directional plume that connect the multi-directional plume to the air-grate floor panel such that the plurality of vanes extend outwardly into the sub-plenum when the air-grate floor panel and the multi-directional plume are disposed in the raised floor system and redirect air flowing in the sub-plenum through the openings in the top plate of the air-grate floor panel.</p>
<?summary-of-invention description="Summary of Invention" end="tail"?>
<?brief-description-of-drawings description="Brief Description of Drawings" end="lead"?>
<description-of-drawings>
<heading id="h-0003" level="1">BRIEF DESCRIPTION OF THE DRAWINGS</heading>
<p id="p-0010" num="0009"><figref idref="DRAWINGS">FIG. 1</figref> is an isometric view of an embodiment of a multi-directional plume aligned for attachment with an air-grate floor panel.</p>
<p id="p-0011" num="0010"><figref idref="DRAWINGS">FIG. 2</figref> is a typical pedestal raised floor system illustrating the manner in which air-grate floor panels are placed into the raised floor system structure.</p>
<p id="p-0012" num="0011"><figref idref="DRAWINGS">FIG. 3A</figref> is a top view of the multi-directional plume <b>100</b>.</p>
<p id="p-0013" num="0012"><figref idref="DRAWINGS">FIG. 3B</figref> is a side view of the multi-directional plume.</p>
<p id="p-0014" num="0013"><figref idref="DRAWINGS">FIG. 3C</figref> is a side view of the air-grate floor panel that is aligned with the multi-directional plume.</p>
<p id="p-0015" num="0014"><figref idref="DRAWINGS">FIG. 4</figref> is a bottom isometric view of the multi-directional plume.</p>
<p id="p-0016" num="0015"><figref idref="DRAWINGS">FIG. 5</figref> is an isometric view of another embodiment of a multi-directional vane formation.</p>
</description-of-drawings>
<?brief-description-of-drawings description="Brief Description of Drawings" end="tail"?>
<?detailed-description description="Detailed Description" end="lead"?>
<heading id="h-0004" level="1">DETAILED DESCRIPTION OF THE EMBODIMENTS</heading>
<p id="p-0017" num="0016"><figref idref="DRAWINGS">FIG. 1</figref> is an isometric view of a multi-directional plume <b>100</b> that can be detachably deployed on an air-grate floor panel <b>102</b>. The multi-directional plume <b>100</b> has a series of vanes <b>106</b> that are deployed in six different directions to redirect air in the sub-plenum of a raised floor toward the air-grate floor panel <b>102</b>. The air-grate floor panel <b>102</b> has a series of openings that cause the air from an air conditioning unit to be directed upwardly onto servers and other computer equipment that may be disposed in various types of computer rooms, including, but not limited to, large data centers. The multi-directional plume <b>100</b> has a plurality of attachment connectors, such as attachment connector <b>104</b>. The attachment connector <b>104</b> may comprise any type of connector that is capable of connecting the multi-directional plume <b>100</b> to the air-grate floor panel <b>102</b> and the various girder plates and reinforcing rib plates on the open box air-grate floor panel <b>102</b>. This is described in more detail in U.S. Pat. No. 9,217,252, entitled &#x201c;Air-Grate Floor Panel Sub-Plenum Retrofit Airfoil,&#x201d; issued Dec. 22, 2015, to Gary Meyer, which is specifically incorporated herein by reference for all that it discloses and teaches. A retainer clip <b>19</b> is disclosed in the above-identified patent, which can be used as an attachment connector <b>104</b>. Additionally, the attachment connector <b>104</b> may comprise a member that can be screwed, glued, or otherwise attached to portions of the bottom surface of the air-grate floor panel <b>102</b>. The attachment connector <b>104</b> can include any type of attachment device, including rivets, hooks, loop fasteners, clips, grooves, magnetic connectors, or any desired type of connector.</p>
<p id="p-0018" num="0017">In practice, embodiments of the present invention improve the capture of sub-plenum cooling air, supplied via in-row CRAC units, and redirects the captured cooling air upwardly through the top plate of the raised floor air-grate to enhance cooling efficiency to the computer servers in the upper plenum of the computer room.</p>
<p id="p-0019" num="0018"><figref idref="DRAWINGS">FIG. 2</figref> is a schematic representation of an embodiment of a raised floor system <b>126</b>. As illustrated in <figref idref="DRAWINGS">FIG. 2</figref>, the raised floor system is supported by pedestals, such as pedestals <b>128</b>, and support frame <b>130</b>. The air-grate floor panels <b>102</b> are placed in the openings of the support frames <b>130</b> and are supported by the support frame <b>130</b> and pedestals <b>128</b> in a raised position over a subfloor. The area between the subfloor and the air-grate floor panels <b>102</b> is referred to as the sub-plenum <b>138</b>. In computer rooms, air conditioning is supplied to the sub-plenum <b>138</b>, so that cold air flows through openings <b>140</b> in the air-grate floor panel <b>102</b> to cool the computer equipment, including servers from the air-grate floor panels <b>102</b>. Since cool air rises, the cool air from the air conditioning flows past the computer equipment and provides an efficient manner of cooling the computer equipment. To increase the efficiency of the air flowing upwardly through the openings <b>140</b> in the air-grate floor panels <b>102</b>, it is beneficial to provide a plume, such as multi-directional plume <b>100</b>, that is attached to the bottom of the air-grate floor panel <b>102</b>. The multi-directional plume <b>100</b> has vanes <b>106</b>, which redirect the air in an upward direction from the sub-plenum <b>138</b>. The air conditioning ducts are normally disposed on the outside walls and direct the air in various directions in the sub-plenum <b>138</b>. For example, the air conditioning air flow can be directed as shown by arrows <b>132</b>, <b>134</b>, <b>136</b>, as well as other directions. The air flow direction may be in a single direction, or multiple directions, depending upon the installation of the air conditioning ducts. It is therefore beneficial to have a multi-directional plume <b>100</b> that can redirect air from various different directions to flow upwardly through the air-grate floor panels <b>102</b>.</p>
<p id="p-0020" num="0019"><figref idref="DRAWINGS">FIG. 3A</figref> is a top view of an embodiment of the multi-directional plume <b>100</b>. As illustrated in <figref idref="DRAWINGS">FIG. 3A</figref>, the multi-directional plume <b>100</b> has a plurality of vanes that are formed in the plate <b>101</b>. The plate <b>101</b> can comprise various different materials, such as metal, plastic, polymer, composite materials, or any desired material that can function as a plume. The multi-directional plume can be injection molded or blow molded. The plume <b>101</b> may be made from a sheet of metal, which can be laser cut, so that the vanes <b>106</b> can be deflected and bent in a direction to deflect the air in the sub-plenum. A deflection of the vanes <b>106</b> leaves the openings <b>108</b> for air to flow through to the air-grate floor panel <b>102</b>. The particular design and arrangement of the vanes <b>106</b> is arranged to maximize the capture of air flow in the direction shown by arrows <b>110</b>, <b>112</b>, <b>114</b>, <b>116</b>, <b>118</b>, <b>120</b>. Of course, air flow in slightly different directions is also captured by the vanes <b>106</b> of the multi-directional plume <b>100</b>. In this manner, the multi-directional plume <b>100</b> can be placed on the air-grate floor panel <b>102</b> and capture air flow from the air conditioning in the sub-plenum in multiple directions. As such, the particular orientation of the air-grate floor panel in the raised floor system is not of concern and the air-grate floor panels <b>102</b> can be disposed in any of the four different directions in the raised floor system <b>126</b>, as illustrated in <figref idref="DRAWINGS">FIG. 2</figref>.</p>
<p id="p-0021" num="0020"><figref idref="DRAWINGS">FIG. 3B</figref> is a side view of the multi-directional plume <b>100</b> illustrating the attachment connectors <b>104</b> and vanes <b>106</b>. The side view from each of the directions of <figref idref="DRAWINGS">FIG. 3A</figref> is identical because of the symmetrical nature of the multi-directional plume <b>100</b>.</p>
<p id="p-0022" num="0021"><figref idref="DRAWINGS">FIG. 3C</figref> is a side view of the air-grate floor panel <b>102</b>. As illustrated in <figref idref="DRAWINGS">FIG. 3C</figref>, the air-grate floor panel is aligned with the multi-directional plume <b>100</b>, illustrated in <figref idref="DRAWINGS">FIG. 3B</figref>, so that the attachment connectors <b>104</b> can attach to the various structural members of the air-grate floor panel <b>102</b>.</p>
<p id="p-0023" num="0022"><figref idref="DRAWINGS">FIG. 4</figref> is a schematic bottom view of the multi-directional plume <b>100</b>. As shown in <figref idref="DRAWINGS">FIG. 4</figref>, the vanes <b>106</b> protrude in a downward direction and leave openings <b>108</b> for air that is deflected by the vanes <b>106</b> to travel in an upward direction toward the air-grate floor panels and flow through the openings in the air-grate floor panels. Of course, any particular design of the orientation of the vanes <b>106</b> can be used, although the six different directions, illustrated in <figref idref="DRAWINGS">FIG. 3A</figref> and <figref idref="DRAWINGS">FIG. 4</figref>, provide a large coverage of directions of air flow. In that regard, various numbers of directions, such as two directions, four directions, eight directions, ten directions, or more, or even odd numbers of directions can be used.</p>
<p id="p-0024" num="0023"><figref idref="DRAWINGS">FIG. 5</figref> is a schematic isometric view of another embodiment of an air vane system that captures air flowing from multiple different directions. As illustrated in <figref idref="DRAWINGS">FIG. 5</figref>, vanes <b>122</b> are individual vanes that are attached directly to the structural members of the air-grate floor panel <b>124</b>. Again, the attachment can be made in any desired manner, as disclosed above. The individual vanes <b>122</b> may have an aerodynamic shape, as shown in <figref idref="DRAWINGS">FIG. 5</figref>, to deflect air from various flow directions. The curved shape of the vanes <b>122</b> allows air to be captured efficiently from substantially all directions, which is enhanced by the aerodynamic shape of the vanes <b>122</b>.</p>
<p id="p-0025" num="0024">Accordingly, the various embodiments of the present invention provide retrofits for air-grate floor panels that deflect air from a sub-plenum area in multiple directions without the need to either reposition the floor panels, or redirect the flow of air in the sub-plenum.</p>
<p id="p-0026" num="0025">The foregoing description is considered as illustrative of the principles of the invention. Furthermore, since numerous modifications and changes will readily occur to those skilled in the art, it is not desired to limit the invention to the exact construction and process shown and described above. Accordingly, resort may be made to all suitable modifications and equivalents that fall within the scope of the invention. The words &#x201c;comprise,&#x201d; &#x201c;comprises,&#x201d; &#x201c;comprising,&#x201d; &#x201c;include,&#x201d; &#x201c;including,&#x201d; and &#x201c;includes&#x201d; when used in this specification are intended to specify the presence of stated features, integers, components, or steps, but they do not preclude the presence or addition of one or more other features, integers, components, steps, or groups thereof.</p>
<?detailed-description description="Detailed Description" end="tail"?>
</description>
<us-claim-statement>What is claimed is:</us-claim-statement>
<claims id="claims">
<claim id="CLM-00001" num="00001">
<claim-text><b>1</b>. In a raised floor system, a method for redirection of an omni-directional tangential sub-plenum airflow, comprising the steps of:
<claim-text>providing an air-grate raised floor panel having an upper surface, a lower surface and at least one open air flow duct portion extending therethrough;</claim-text>
<claim-text>providing an anterior air-flow plume attachment, said attachment being a sheet configured with a plurality of downwardly projection tangential air-flow capturing vane members, said vane members defining corresponding open air-flow channel portions;</claim-text>
<claim-text>attaching a top wall of said top plate of said anterior air-flow plume adjacent to said lower surface of said air-grate raised floor panel;</claim-text>
<claim-text>installing said air-grate floor panel on a raised floor pedestal support system;</claim-text>
<claim-text>supplying a sub-plenum of said raised floor pedestal support system with said tangential air-flow; and</claim-text>
<claim-text>using said anterior air-flow plume attachment to redirect said tangential air-flow through said duct portion without repositioning said installed air-grate floor panel.</claim-text>
</claim-text>
</claim>
<claim id="CLM-00002" num="00002">
<claim-text><b>2</b>. An omni-directional airflow plenum for attachment to the anterior of a raised floor air-grate panel comprising: a sheet having a pattern established to form a plurality of predetermined cut out formations, said formations defining a plurality of air redirecting vanes and open air flow channels.</claim-text>
</claim>
<claim id="CLM-00003" num="00003">
<claim-text><b>3</b>. A method of redirecting air in a sub-plenum of a raised floor system having air-grate floor panels comprising:
<claim-text>providing a multi-directional plume that has a plurality of vanes that are directed in at least two different directions at an angle from a surface of said multi-directional plume, and openings in said surface of said multi-directional plume adjacent said vanes;</claim-text>
<claim-text>attaching said multi-directional plume to a lower surface of said air-grate floor panels so that said plurality of vanes extend below said air-grate floor panels and said multi-directional plume in said sub-plenum of said raised floor system and are disposed in at least two different directions to redirect air that is flowing in said sub-plenum towards openings in said air-grate floor panels when said air-grate floor panels are installed in said raised floor system.</claim-text>
</claim-text>
</claim>
<claim id="CLM-00004" num="00004">
<claim-text><b>4</b>. The method of <claim-ref idref="CLM-00003">claim 3</claim-ref> wherein said process of attaching said multi-directional plume comprises attaching said multi-directional plume to a structural member of said air-grate floor panel using a clip.</claim-text>
</claim>
<claim id="CLM-00005" num="00005">
<claim-text><b>5</b>. The method of <claim-ref idref="CLM-00003">claim 3</claim-ref> wherein said process of attaching said multi-directional plume comprises attaching said multi-directional plume to a structural member of said air-grate floor panel using a screw.</claim-text>
</claim>
<claim id="CLM-00006" num="00006">
<claim-text><b>6</b>. The method of <claim-ref idref="CLM-00003">claim 3</claim-ref> wherein said process of attaching said multi-directional plume comprises attaching said multi-directional plume to a structural member of said air-grate floor panel using a magnet.</claim-text>
</claim>
<claim id="CLM-00007" num="00007">
<claim-text><b>7</b>. The method of <claim-ref idref="CLM-00003">claim 3</claim-ref> wherein said process of attaching said multi-directional plume comprises attaching said multi-directional plume to a structural member of said air-grate floor panel using a bonding adhesive.</claim-text>
</claim>
<claim id="CLM-00008" num="00008">
<claim-text><b>8</b>. The method of <claim-ref idref="CLM-00003">claim 3</claim-ref> wherein said step of providing a multi-directional plume comprises providing a multi-directional plume that has a plurality of vanes that are directed in at least six different directions.</claim-text>
</claim>
<claim id="CLM-00009" num="00009">
<claim-text><b>9</b>. A system for redirecting sub-plenum air of a sub-plenum in a raised floor system comprising:
<claim-text>an air-grate floor panel having an open box load bearing frame and a top plate having openings that allow air to pass through said air-grate floor panel;</claim-text>
<claim-text>a multi-directional plume having a plurality of vanes that are directed in at least two different directions that form an angle with a surface of said multi-directional plume so that said plurality of vanes extend outwardly from said surface;</claim-text>
<claim-text>connectors disposed on said multi-directional plume that connect said multi-directional plume to said air-grate floor panel such that said plurality of vanes extend outwardly into said sub-plenum when said air-grate floor panel and said multi-directional plume are disposed in said raised floor system and redirect air flowing in said sub-plenum through said openings in said top plate of said air-grate floor panel.</claim-text>
</claim-text>
</claim>
<claim id="CLM-00010" num="00010">
<claim-text><b>10</b>. The system of <claim-ref idref="CLM-00009">claim 9</claim-ref> wherein said multi-directional plume is formed from a sheet of metal that is cut to form said vanes.</claim-text>
</claim>
<claim id="CLM-00011" num="00011">
<claim-text><b>11</b>. The system of <claim-ref idref="CLM-00009">claim 9</claim-ref> wherein said multi-directional plume is formed from molded plastic.</claim-text>
</claim>
</claims>
</us-patent-application>
